Start,End,Sequence,Length,Color
9[217],7[230],AAGTAATGTTACCAACACAACATACGAGTCATCAAAAGGTGG,42,#cc2529
9[59],9[69],AGGCTATACCAAGCGCGAAAGTACAACGGAATATAAT???TAGCTCAACATGTTTTAACAGCGATTTTGAGG,72,#cc0000
14[118],15[100],ATATTTTTGTACCATTGTTAAATCAGCTCTGCCCGTTAAGCCCAATAATGAA,52,#84ba5b
0[111],3[100],TACCTACTAGCAATGAGCCAGCAAAATCCTT,31,#ccc210
33[237],5[57],CTCCAAAAAAAAGG????AAAAGGAGCCAATGAAACGATAGCAGCACGTGTTTT???ATCAGT,63,#7293cb
6[69],9[58],ATCGCACAGGGTTTTAAGTTTATTTTGTCAG,31,#ccc210
22[185],21[194],GGAACCTATCTATAGGGTTGAGTGTCTTTACACAGAAGGAGCGGAAAATTACCTGAAAG,59,#948b3d
32[160],33[142],GGGCTTGTCATTGACAGACAATATTTTTCGTGCTTTATTAGCGTTTGCCGGG,52,#808585
9[112],7[123],AATACGTCATACATGCATGCCTGCAGGTTCGTAACGATTC,40,#922428
26[76],27[58],TTATTCACTGAATAAATATCTTTAGGAGATCAGGGTACAGGAGTGTACTAGT,52,#ab6857
26[118],27[100],GATTGCTTGCACGTTGGCAAATCAACAGGTTTTTTGAATTTACCGTTCCTGT,52,#cc2529
3[153],4[168],GCATAACCCATTAAAACTCAAACTATCGGCCTTGGGTGACGGA,43,#e1974c
3[195],1[207],AAGGCCGCAACCGATCTTCGCTATTACGCCAAAGCGTCATT,41,#84ba5b
30[174],32[161],AAGAATAAGAGCGGCATTTTCGGTCATACAACAGTGTAAATT,42,#ab6857
1[124],5[139],TCAAAGCGACAACTTTCCGACAATGACAACGTCACCGATCACTT,44,#7293cb
1[166],5[181],TTAGAGAGTGAACGAGTCGGTCGCTGAGGCTAAATATAAGGGCG,44,#888888
12[90],14[77],TAGGAACACATTAAAGAAACAATGAAATCAATAGAAATGGTT,42,#948b3d
21[183],22[168],GAAACATTTTTTAATGGAAAAAACCACAACAATTCGACAACGCCCGAGACAATTT,55,#922428
21[217],19[230],AAGAGAAAGTGCCCTTAAAGAACGTGGAGCCGTCAATGGCAA,42,#808585
24[132],26[119],AATATCTGTAAAGCAGAATGGAAAGCGCTTTAGTATTCGCCT,42,#6b4c9a
34[230],30[217],AGTAGCGTCACGTTACGTAACAAAGCTGTCAGGTCAAGGGAC,42,#535154
19[124],18[141],AGAGGGTAGGTAAATCGCGGGAGGTTTTGACGTCTTTGAAATCGGCAAAATAACGTT,57,#3e9651
17[224],15[236],CGGGCAACAATCATTGTGTAGGTAAAGAATCATAGTTCATC,41,#7293cb
33[101],30[91],TGTCTAAGAACTGGCTCAAGGGGGTCATTAAA,32,#03b6a2
21[112],19[123],GAACCTCGCCAGTTATCCTGTTTGATGGAGATCTAGCCGG,40,#396ab1
3[70],1[81],TTTATCAAGCAAGGTAAAAGAGTCTGTCAAATGGATAAGA,40,#808585
9[175],9[194],TCGAGCCCCCAAAAATAGCTGTTTCCTGTCCGTGGATAACCTGTTTAGCTATGCGTAGAGAA,62,#ab6857
35[98],33[111],TGCGCCGACATCGCAATAGTAAAATGTTGCGATTTGTCTTTC,42,#922428
17[182],15[194],GCGTATTACAGGAATTTTTAGAACCCTCTTGGGTTCCAAGT,41,#cc2529
21[237],29[57],CGGGGTTTTGCTCA????CAGGCGGATAGGTAATAATAACGGGGTCAGTCAAAG???AAAAAC,63,#9067a7
30[90],32[77],AATACCGCCCGCCGCTCCCTCAGAGCCGAGTTAGCAGTCAGG,42,#535154
22[167],18[154],TATCCTGGCTATTTTAAATCAATATATGTTATCATAAATCCT,42,#535154
33[59],33[69],TCCAAATCTACGTTAATAAAACTAACGGAAACGATAA???CAAAATAGCGAGAGGCTTGAAGAAACAGACAG,72,#aaaa00
21[143],21[152],CTTAATAACCTTGCTTCTCTTTTAAAAGTTTGAGTAACATGAGTGAAATCAA,52,#7300de
6[174],8[161],CGGCGGACATGGTCGAACTGGCATGATTAGGCAGAAAAGCCA,42,#808585
33[143],30[133],ATTTTTAATTTCAACTTTCTGCGGATATTAGT,32,#aaaa00
27[112],25[123],CAGGAGGAGTCTCTGGGGTCGAGGTGCCGGTCAGTAAAAC,40,#535154
5[182],3[194],ATCGGTGGGCTGCGATTGCTCCTTTTGACTGCTCCGAGTTA,41,#7293cb
27[70],25[81],GGTTGATTTGATGACGATGGCCCACTACTATCTAAATGGA,40,#ccc210
4[188],1[165],GGGAAGGTTGCAGGATGTTACTTAGCCGACCTTTACAACTGTTGCTGGTAATATCCCAGGA,61,#948b3d
31[82],35[97],TTTTGCCAGTTATACCGTAACGATCTAAAGGAACCGCCGCTTAA,44,#ccc210
12[174],14[161],TAAGCAAGGGAGAGCCCTGAACAAAGTCCCTTATCGATGCAA,42,#da7c30
29[140],27[152],CGGAACCTCAAACCCGTAGATTTTCAGGCTTTTACCCCTCA,41,#948b3d
29[58],22[231],CGTCTCACTAACAAC???TAATAGATTAGACTCCAACGTGCCTT,44,#9067a7
9[237],17[57],CGACAATAAACAAC????TCAGCTAATGGCCCTTTTAAAAGTAAGCACATAAAG???AAGCCT,63,#d35e60
10[83],6[70],AAGACACACTTTTTTCATCTTTGACCCCATATGCACAGGAAG,42,#396ab1
3[101],4[84],AAACGTACAGACCAGGCGAAAGACTCGCTCAATCGTCTGCATCACGGCACCAT,53,#333333
13[208],17[223],TGCAATGCCCTTTTTAAACAAGCAAGCCGTAATAACAAGTGAGA,44,#cc2529
23[58],16[231],GCCCTGGTAATCGTA???AAACTAGCATGTCAGCTGAGCCTTTA,44,#e1974c
13[124],17[139],ATTATGACCAAACTTTAGCATGTAGAAACCATCAGAGCGTGCCA,44,#da7c30
26[202],28[189],GATTTAGCATAGTACTGAGAGCCAGCAGCGAACGTAGGTTGA,42,#808585
21[195],19[207],TATTAAGATGCCCCCGTTTGGAACAAGAGTGAGGATCATAT,41,#888888
18[140],20[119],ATTAATATTTTTGAGTGGTTCCCCAGAGCCTAATTTCCGACTTGTCGCTA,50,#da7c30
19[82],23[97],CAATATGATAAACATAGTATTCTAAGAACGCATATTAGGTTTGC,44,#6b4c9a
33[195],31[207],AACTAAAGGCGTCAGAAAGGGATTTTAGACCAACAGCCATA,41,#3e9651
5[224],3[236],GGGATGTCTTCTGGAGCTTAATTGCTGAGATTTGTAAAGAC,41,#9067a7
15[112],13[123],CATCCTAAATTGAGCTTTCCAGTCGGGATAAATTTAAAAC,40,#d35e60
10[230],6[217],GAACAAATCTGTCCAATCATAATTACTAAGCTGAACATTAAA,42,#3e9651
18[90],20[77],TCTGGAGCCACGCTTTTATCCCAATCCATTATCCGGCGATAG,42,#808585
27[175],27[194],CACCCTCCAGACGAACGGGGAAAGCCGGCAAATGAAAGGAATTACGAGGGAATACCGGGATA,62,#d35e60
27[153],25[165],GAACCGCCCACAAACGAGCCCCCGATTTACACCTTGTCAGA,41,#e1974c
4[167],0[154],AATTATTGATATATGCGCAGACGGTCAAAACAGGTAGAACAA,42,#6b4c9a
32[76],33[58],ACGTTGGTTGCAAACACCAGCAGAAGATACGCTGCCAGAACCGCCACCCCAT,52,#3e9651
32[118],33[100],ACCTTATTAGACTGCTGATAGCCCTAAACTACAGGCAGAGCCACCACCGTTT,52,#948b3d
27[143],24[133],GCCAATCGGGAGAAACAAGAAATTGCTCAATC,32,#b8056c
7[208],9[216],TGGGGCGCGGAAAAAGAAAGGTA,23,#007200
4[83],0[70],TACCATTGCTTGCTTGGCTGACCTTCATAAAAGATTTATTTA,42,#d35e60
15[143],12[133],CAATCAAAGAACGCGAGACTGTAATGTTAAAA,32,#f74308
3[237],11[57],AGCATCGGAACGAG????GCAACGGCTACACAATCAAAAATTCATATGGCGATT???TGGGTA,63,#84ba5b
7[124],6[112],CCAATTCTGTCAAGGCACCAACCTAAAACGAACAGTTCGTGCAT,44,#6b4c9a
29[98],27[111],AAATCAATTGAAAGATATCAAAATTATTTTGAATACCGTACT,42,#3e9651
16[188],12[175],GAATTAATATTAAAATATAACTATATGTATAAAAAGATTGTA,42,#3e9651
21[59],21[69],AAATCTGAGAAGAGTCAATAATTTATCAAATTCAAAA???GAGAAAGGCCGGAGACAGTAAGACGCAGATAT,72,#57bb00
27[237],35[57],TCACCAGTACAAAC????ACGCCTGTAGTCAGAGCCCCCTCAGAGCCGGCGCTG???GTGTAG,63,#ab6857
5[140],3[152],GCCTGAGGCCAGCCCGGAAGCAAACTCCTCATAAGGCCCAC,41,#cc2529
25[82],29[97],AGGGTTAGACGCGCAGTAGCCCGGAATAGGAGTAAGCATCACCC,44,#84ba5b
35[140],33[152],CGTATAAGAATGGCATCGTCATAAATATAGATGGTTGCTAA,41,#d35e60
13[166],17[181],AACGCAAGGAAATGCTATTCCAAGAACGGGCTGAACAGCGGTTT,44,#3e9651
15[70],13[81],TTATCAAAGCAATAGAGTGAGCTAACTCGCCATCAAGCAA,40,#922428
6[132],9[124],GGGCGCACGACTCTAAACGTAGAAAATAAATGCC,34,#948b3d
9[125],9[152],ACTACGGCCATATTTTGTTAGCAGAGGATCCCCGGGACGTTGGGTAGATTTAGTTTGACAGTAGCCAACA,70,#e1974c
14[202],16[189],GCTTAGGATATATTGAAAAGCCCCAAAAGGGCGCCGACGGGA,42,#535154
24[90],26[77],GGAAGGTGTGAACCGTCATACATGGCTTATAAGTAAGGCGAA,42,#396ab1
34[188],30[175],CGCGTTTAATAGAACGAGAAACACCAGACTTTAAAAAAGCGT,42,#ccc210
9[195],7[207],TATAAAGTAAACGCATTGTTATCCGCTCAGAGTAACTCATT,41,#7300de
9[70],7[81],ACTAAAGCACGGAATCCCAGTCACGACGTCGGCCTACTAA,40,#da7c30
21[101],18[91],GGCGCTTAGAATCCTTGAATTCAACCTGAGAG,32,#aaaa00
33[112],31[123],CAGACGTCCGGAACGCGCGTACTATGGTGCGCGAAGATAG,40,#7293cb
3[143],4[126],CATCGGAACCGAACTGACACCAGACATTGCAACAGGAAATAATAACACTTGAG,53,#57bb00
30[216],32[203],ATTCTGGCAGGAACCAAGTTTGCCTTTAGAATTGCAGTGAAT,42,#cc2529
12[132],14[119],TTCGCATAACCTGTAGATAACCCACAAGATTTACGTTCAAAT,42,#808585
18[216],20[203],ATACATTTCCACTAGTATAAACAGTTAAGGCTGAGAACAATT,42,#84ba5b
1[208],5[223],TTTGCGGATAATTGTGGGATCGTCACCCTCAAAGACACGAAAGG,44,#e1974c
21[70],19[81],AGAAGGCAATAAGATTGCAGCAAGCGGTCAAACAAACCAT,40,#d35e60
6[216],8[203],TGTGAGCCAATTCCGAAGGAAACCGAGGACCGACACCTGTTT,42,#da7c30
22[230],18[217],GAGTAACGGATTAGAAAACAAAATTAATTCAGATGATAGATA,42,#d35e60
14[76],15[58],TGAAATAAAAATTAAAAATAATTCGCGTGCCTAATGCTATCTTACCGAACAG,52,#6b4c9a
14[160],15[142],ATCCAATAGCCTTTAATTGTAAACGTTATAATGAAAATTGAGCGCTAATAAT,52,#ccc210
0[153],3[142],TATTACCTAGAAGAGGTGAATTATCACCAAC,31,#535154
6[111],9[100],CTGCCAGCAAGCTTAAAGGTGGCAACATCAT,31,#535154
9[143],6[133],AACGGGCTTAATTGAGAACGAACGATGTAGAT,32,#007200
8[160],9[142],ACGCTCAACCATTATAATGGGATAGGTCTACCGAGCTTATTACGCAGTAAAC,52,#84ba5b
20[76],21[58],CTTAGATTCAAATCGAGAATCGATGAACGAGAGAGAACGATTTTTTGTTAGC,52,#84ba5b
20[118],21[100],TTAATTAAATTAATCAAAGGCTATCAGGGGCGAAAACAAAATAAACAGCCGA,52,#ccc210
33[153],31[165],ACAACTTTGCCCCCTTCCTCGTTAGAATCCGTGGCAATCCC,41,#9067a7
17[98],15[111],GCGCTCACATTTTTAAAGCTAAATCGGTAGTTAATAATATCC,42,#e1974c
7[231],9[236],CATCAATACACCGGAGACGA,20,#ab6857
10[188],6[175],CGGAATAAGTAATATATACAAATTCTTAATGGTCAGAACAAA,42,#9067a7
19[166],21[182],GGAACAAAGCAGTACATGCACCCAGTATTCT,31,#f74308
24[216],26[203],GCAACAGGGAAGAAGCCGCCGCCAGCATAATAGGACAGTTGA,42,#ab6857
30[132],32[119],CTTTAATTGCTTTGCATAATCAAAATCATAGTAAAGTGAATT,42,#e1974c
4[125],0[112],CCATTTGAGTTGCGGAAAGAGGACAGATTTAATTCATGGAAA,42,#396ab1
26[160],27[142],ACAGTACTTTAACGCTGAACCTCAAATACTAAAGGAAATAAATCCTCATACC,52,#7293cb
28[188],27[174],GGCAGGTATTTTCAACATTCAACTAATGCAGATTAGAGCCAC,42,#922428
9[101],10[84],TAAACAAAAGAATACACTTCTGGAAGGACGACGACAGTATTGTAAAAAACGCA,53,#cc0000
12[216],14[203],CCGGTTGTTTCACCTAAAAACAGGGAAGCATCGAGACCTCCG,42,#922428
16[230],12[217],CAGAGAGTTTTATTGTCTGAGAGACTACTGAGTAAATGTACC,42,#948b3d
17[58],10[231],GGGGTCTGGCCTTCC???TGTAGCCAGCTTCCGGAAGGATAGCC,44,#535154
28[230],24[217],GAACCACACACTGAATTACAGGTAGAAAATAACCCACCGCCT,42,#ccc210
15[195],13[207],ACCGCACTCGCATTAAGGGTGGTTTTTCTATAATCATTAAA,41,#6b4c9a
27[101],24[91],ATCACCAAGTTACAAAATACCTACCGAATTGA,32,#b8056c
2[202],4[189],CCGCGACTAAGAGGCCATTCGCCATTCACGGGCCTTGAGGGA,42,#e1974c
15[101],12[91],AAATTTCATCTTCTGACCAGAGCATTAACCAA,32,#b8056c
27[217],25[230],TACCGTACACCAGAAGCGAAAGGAGCGGTATTAACTCGTTTA,42,#396ab1
25[231],27[236],CCAGACGCAACATTGTTTCG,20,#9067a7
35[58],28[231],CGGTCAAAACAGAGG???TGAGGCGGTCAGGCGCTAGGCCACCA,44,#da7c30
27[195],25[207],GCAAGCCCTGACAGGGGCGAGAAAGGAAGTGCCACGAGAGC,41,#b8056c
25[208],27[216],AACACTATCGATTCATACCCATG,23,#7300de
19[231],21[236],TTCATCACATCAAGGATTAG,20,#7293cb
31[166],35[181],CCTCAAATGACGAGTATTCAGCGGAGTGAGTCATCGGGAGCTAA,44,#da7c30
31[208],35[223],AATCAAAAACTCATTCGAATAATAATTTTTACAGAATGGTACGC,44,#3e9651
4[230],0[217],CAGCGCCAGCAGCGATCATCGCCTGATAGGCTTAGTGCCGGA,42,#808585
11[98],9[111],CCAGTGCTTTGAGGGTTTCATTCCATATAAAGAGGCGGGTAA,42,#cc2529
27[59],27[69],GCCGTACCTGAGCAAAAGAGATGAAACAAAATATAAT???ATTGTTTGGATTATACTTTTTCAATTCGAGAG,72,#57bb00
31[124],35[139],CGTCCAATAAATCATTTGAATTTTCTGTATATCTTTTACGAGCA,44,#396ab1
11[58],4[231],ACGCCTCCAGCCAGC???TTTCCGGCACCGGCTGCAAGGTTTAC,44,#ab6857
15[59],15[69],AACGTGTGATAAATAAGGCAATAAGAATAATCTACTA???TAGTAGCATTGAATTAGCCCGACCGCGCCTGT,72,#cc0000
19[208],21[216],TCCTGATTATACATTTACTCCTC,23,#b8056c
18[153],21[142],TTGCCCGCCCTTATCCAACGCTAACGAGAGC,31,#cc2529
17[140],15[152],GCTGCATATATTTTACTTTTGCGGGAGACGCAAGAAATCGG,41,#ab6857
7[166],9[174],ATTTCGCAACCAGTATGGCATTT,23,#b8056c
7[82],11[97],AGTACGGTGAAAACACCATGAGGAAGTTTCATAAAAGACGACGG,44,#d35e60
15[237],23[57],GTAGGAATCATTAC????CCCAATAGCATAACGTCATGAAAATAGCATTGCCCT???CGCCTG,63,#808585
15[153],13[165],CTGTCTTTAGAGGGTTCGGCCAACGCGCGATATTTAATTTC,41,#396ab1
5[58],34[231],GAGGCAGATTCACCA???GTCACACGACCACTGAGAACGTAATC,44,#e1974c
5[98],3[111],ACCGTTGATTTTGATCAAATATCGCGTTGAACGGTAGCTTGA,42,#ab6857
25[166],26[161],TGAAACATAACGCCAAAAAATCTAAAGCATGAGCTTGTTGGCCTTGATATTACCCTCATACAGTA,65,#84ba5b
35[224],33[236],CAGAATCGTAATAATTTACCCTGACTATCAAATCAGAAAAT,41,#6b4c9a
0[216],2[203],AACCAGGCAGCTGGAAAGGGCGACATTCTTTTGCGTCGAAAT,42,#d35e60
23[98],21[111],CCCAGCATCATTGCCGTTCTAGCTGATAATTTTCCTTTTAGC,42,#ab6857
25[124],29[139],AGAAATAAATAACGGACCGCCACCCTCAGATAAAGCCACTAAAT,44,#d35e60
35[182],33[194],ACAGGAGTGACCTGCAGTTCAGAAAACGGCCCTGAAGGAAC,41,#396ab1
13[82],17[97],TAAAGCCTCTAAATTTTAAGTCCTGAACAAAAGAGCATTGCGTT,44,#396ab1
3[112],1[123],TACCGATGGAATTAACTTCTTTGATTAGAACGCTCGAGCT,40,#da7c30
8[202],10[189],AGTATCATATATTTAACCCGTCGGATTCTGTGAAAATAATAA,42,#ccc210
3[59],3[69],AATTAATCTTGACAAGAACTATTCATTACCTATAGTC???GCAAAGCGGATTGCATCACAAGAGTGTATCGG,72,#333333
9[153],7[165],TGTAATTTAAGACTCCTCGAATTCGTAATTTGACCGGATAC,41,#57bb00
21[153],19[165],GATTAGTTAATCTTAAAATCAAAAGAATATCGTATTTTTGC,41,#aaaa00
32[202],34[189],AAGGCTTAGAATGAAGATAGAACCCTTCGCCGATTACTGTAG,42,#da7c30
0[69],3[58],CATTGGCCACCGAGCCGGAAACGTCACCTTT,31,#84ba5b
33[70],31[81],CCCTCATCCACCCTGCGTAACCACCACAAACGAACAGAAG,40,#cc2529
1[82],5[97],GGAAGCCCGCATAGGCTTCGAGGTGAATTTACCAGTACAAATTA,44,#948b3d
20[202],22[186],TCATTTGTTATCATTTAGAAGTATTAGATGTTCCATGCCTATTTC,45,#7293cb
